,Metric,Training,Test
0,Accuracy,0.9906140450073504,0.9665309814563546
1,F1 Score,0.9915812962775129,0.970137207425343
2,Recall,0.9930922389272654,0.9732793522267207
